
INSERT INTO USER(ID, USERNAME, EMAIL, PASSWORD, PHOTO_URL, FACESET_TOKEN, FACE_TOKEN, BIRTHDATE, GENDER, COUNTRY_ID, REGION_ID, CITY_ID, PHONE_NUMBER, ABOUT, PROFESSION, JOB, FIRST_NAME, LAST_NAME) VALUES(100, 'maxb2009', 'maxbpro2009@gmail.com', '$2a$10$LQFty1ibC.aVJGfT0Ev/cOeFxGoJipDdt4y1CXPLkUGCy9kKVi7ye', 'https://s3-ap-southeast-1.amazonaws.com/maxb.faces/maxb2009_1','2323807fc8f0f20a3453ac96e016bd96', '29a7260bed743eb86a31c81b060f3a82', '2017-07-17', 'MALE', '1', '1000001', '1000096', '+7-928-444-1873', 'I enjoy meeting new people and finding ways to help them have an uplifting experience.', 'Java developer', 'Upwork Company', 'Max', 'Buyanow');
INSERT INTO USER(ID, USERNAME, EMAIL, PASSWORD, PHOTO_URL, FACESET_TOKEN, FACE_TOKEN, BIRTHDATE, GENDER, COUNTRY_ID, REGION_ID, CITY_ID, PHONE_NUMBER, ABOUT, PROFESSION, JOB, FIRST_NAME, LAST_NAME) VALUES(101, 'bastasia', 'jopa@gmail.com', '$2a$10$LQFty1ibC.aVJGfT0Ev/cOeFxGoJipDdt4y1CXPLkUGCy9kKVi7ye', 'https://s3-ap-southeast-1.amazonaws.com/maxb.faces/sdfsdfsd','20c075aa6885b30042389aec22d9607f', '960e54cb7135e5d4e0542176eed99bd3', '2017-07-17', 'FEMALE', '0', '0', '0', '+7-928-444-1873', 'I have a bachelor degree in outdoor education. I raise money, train leaders, and organize units. ', 'Accountant', 'TOI Company', 'Bastasia', 'Buyanow');
INSERT INTO USER(ID, USERNAME, EMAIL, PASSWORD, PHOTO_URL, FACESET_TOKEN, FACE_TOKEN, BIRTHDATE, GENDER, COUNTRY_ID, REGION_ID, CITY_ID, PHONE_NUMBER, ABOUT, PROFESSION, JOB, FIRST_NAME, LAST_NAME) VALUES(102, 'aldo', 'aldo9@gmail.com', '$2a$10$LQFty1ibC.aVJGfT0Ev/cOeFxGoJipDdt4y1CXPLkUGCy9kKVi7ye', 'https://s3-ap-southeast-1.amazonaws.com/maxb.faces/aldo','c262ccfc95438707355a63f81dd090b2', 'fff2a8065530356df3a37a0051b77ac8', '2017-07-17', 'FEMALE', '1', '1121540', '1000096', '+7-928-444-1873', 'I enjoy meeting new people and finding ways to help them have an uplifting experience.', 'Architect', 'Architect Company', 'Aldo', 'Chomkiuo');
INSERT INTO USER(ID, USERNAME, EMAIL, PASSWORD, PHOTO_URL, FACESET_TOKEN, FACE_TOKEN, BIRTHDATE, GENDER, COUNTRY_ID, REGION_ID, CITY_ID, PHONE_NUMBER, ABOUT, PROFESSION, JOB, FIRST_NAME, LAST_NAME) VALUES(103, 'mild', 'milo@gmail.com', '$2a$10$LQFty1ibC.aVJGfT0Ev/cOeFxGoJipDdt4y1CXPLkUGCy9kKVi7ye', 'https://s3-ap-southeast-1.amazonaws.com/maxb.faces/milo','5378a7b4d3131627776acff4ecf18bf8', 'cd6a6877d6a472737302dfda9a656dbc', '2017-07-17', 'FEMALE', '1', '1000001', '1000096','+7-928-444-1873', 'People find me to be an upbeat, self-motivated team player with excellent communication skills.', 'Banker', 'Bank S', 'Mild', 'Kiway');
INSERT INTO USER(ID, USERNAME, EMAIL, PASSWORD, PHOTO_URL, FACESET_TOKEN, FACE_TOKEN, BIRTHDATE, GENDER, COUNTRY_ID, REGION_ID, CITY_ID, PHONE_NUMBER, ABOUT, PROFESSION, JOB, FIRST_NAME, LAST_NAME) VALUES(104, 'otto', 'otto@gmail.com', '$2a$10$LQFty1ibC.aVJGfT0Ev/cOeFxGoJipDdt4y1CXPLkUGCy9kKVi7ye', 'https://s3-ap-southeast-1.amazonaws.com/maxb.faces/otto','0335d4f57d1becea8aba8d154c62dfa0', '29ca93726daa258f62d2b02e4dd9d7c7', '2017-07-17', 'FEMALE', '1', '1121540', '0','+7-928-444-1873', 'People find me to be an upbeat, self-motivated team player with excellent communication skills.', 'Coach', 'S Company', 'Otto', 'Grotto');

INSERT INTO USER(ID, USERNAME, EMAIL, PASSWORD, PHOTO_URL, FACESET_TOKEN, FACE_TOKEN, BIRTHDATE, GENDER, COUNTRY_ID, REGION_ID, CITY_ID, PHONE_NUMBER, ABOUT, PROFESSION, JOB, FIRST_NAME, LAST_NAME) VALUES(105, 'joel', 'joel@gmail.com', '$2a$10$LQFty1ibC.aVJGfT0Ev/cOeFxGoJipDdt4y1CXPLkUGCy9kKVi7ye', 'https://s3-ap-southeast-1.amazonaws.com/maxb.faces/joel', '2cd89c98a837c2ae6fd19bf5f0536296', '8a9e02875081731c37b92bd986941ff3', '2017-07-17', 'FEMALE', '1', '1121540', '1000096','+7-928-444-1873', 'I am a dedicated person with a family of four. I enjoy reading, and the knowledge', 'Doctor', 'Hospital', 'Joel', 'Doe');
INSERT INTO USER(ID, USERNAME, EMAIL, PASSWORD, PHOTO_URL, FACESET_TOKEN, FACE_TOKEN, BIRTHDATE, GENDER, COUNTRY_ID, REGION_ID, CITY_ID, PHONE_NUMBER, ABOUT, PROFESSION, JOB, FIRST_NAME, LAST_NAME) VALUES(106, 'lee', 'lee@gmail.com', '$2a$10$LQFty1ibC.aVJGfT0Ev/cOeFxGoJipDdt4y1CXPLkUGCy9kKVi7ye', 'https://s3-ap-southeast-1.amazonaws.com/maxb.faces/lee','5110794b86d1b34273e6f0aba4e03e71', '3ad61ceb74070bc39b8375f9ace940c2', '2017-07-17', 'FEMALE', '1', '1121540', '1000096', '+7-928-444-1873', 'I am a dedicated person with a family of four. I enjoy reading, and the knowledge', 'Electrician', 'Upwork Company','Lee', 'Doe');

INSERT INTO USER(ID, USERNAME, EMAIL, PASSWORD, PHOTO_URL, FACESET_TOKEN, FACE_TOKEN, BIRTHDATE, GENDER, COUNTRY_ID, REGION_ID, CITY_ID, PHONE_NUMBER, ABOUT, PROFESSION, JOB, FIRST_NAME, LAST_NAME) VALUES(107, 'dean', 'dean@gmail.com', '$2a$10$LQFty1ibC.aVJGfT0Ev/cOeFxGoJipDdt4y1CXPLkUGCy9kKVi7ye', 'https://s3-ap-southeast-1.amazonaws.com/maxb.faces/dean','629a83610eb1c4caa6e87d9a766c4b0b', 'de6983c689e9f9f786c0d228ce18549c', '2017-07-17', 'FEMALE', '1', '1121540', '1000096','+7-928-444-1873', 'I have been successful at raising a family, and I attribute this success to my ability to plan', 'Designer', 'Upwork Company', 'Dean', 'Winchester');
INSERT INTO USER(ID, USERNAME, EMAIL, PASSWORD, PHOTO_URL, FACESET_TOKEN, FACE_TOKEN, BIRTHDATE, GENDER, COUNTRY_ID, REGION_ID, CITY_ID, PHONE_NUMBER, ABOUT, PROFESSION, JOB, FIRST_NAME, LAST_NAME) VALUES(108, 'sam', 'sam@gmail.com', '$2a$10$LQFty1ibC.aVJGfT0Ev/cOeFxGoJipDdt4y1CXPLkUGCy9kKVi7ye', 'https://s3-ap-southeast-1.amazonaws.com/maxb.faces/sam','84e96da869a13590c3873a4e77ede183', 'cedecab5ff22b090624aeace1eb73121', '2017-07-17', 'FEMALE', '1', '1121540', '1000096','+7-928-444-1873', 'I enjoy meeting new people and finding ways to help them have an uplifting experience.', 'Designer', 'Upwork Company', 'Sam', 'Winchester');


INSERT INTO ROLES (ROLE_ID, NAME) VALUES (1, 'ROLE_USER');
INSERT INTO ROLES (ROLE_ID, NAME)  VALUES (2, 'ROLE_ADMIN');


INSERT INTO COMPARES (ID, USER_FACE_TOKEN, FACESET_TOKEN, FACE_TOKEN, VALUE) VALUES (1, '29a7260bed743eb86a31c81b060f3a82', '20c075aa6885b30042389aec22d9607f', '960e54cb7135e5d4e0542176eed99bd3', 44);
INSERT INTO COMPARES (ID, USER_FACE_TOKEN, FACESET_TOKEN, FACE_TOKEN, VALUE) VALUES (1, '29a7260bed743eb86a31c81b060f3a82', 'c262ccfc95438707355a63f81dd090b2', 'fff2a8065530356df3a37a0051b77ac8', 79);

INSERT INTO COMPARES (ID, USER_FACE_TOKEN, FACESET_TOKEN, FACE_TOKEN, VALUE) VALUES (1, '29a7260bed743eb86a31c81b060f3a82', '5378a7b4d3131627776acff4ecf18bf8', 'cd6a6877d6a472737302dfda9a656dbc', 92);
INSERT INTO COMPARES (ID, USER_FACE_TOKEN, FACESET_TOKEN, FACE_TOKEN, VALUE) VALUES (1, '29a7260bed743eb86a31c81b060f3a82', '0335d4f57d1becea8aba8d154c62dfa0', '29ca93726daa258f62d2b02e4dd9d7c7', 89);

INSERT INTO COMPARES (ID, USER_FACE_TOKEN, FACESET_TOKEN, FACE_TOKEN, VALUE) VALUES (1, '29a7260bed743eb86a31c81b060f3a82', '2cd89c98a837c2ae6fd19bf5f0536296', '8a9e02875081731c37b92bd986941ff3', 88);
INSERT INTO COMPARES (ID, USER_FACE_TOKEN, FACESET_TOKEN, FACE_TOKEN, VALUE) VALUES (1, '29a7260bed743eb86a31c81b060f3a82', '5110794b86d1b34273e6f0aba4e03e71', '3ad61ceb74070bc39b8375f9ace940c2', 89);

INSERT INTO COMPARES (ID, USER_FACE_TOKEN, FACESET_TOKEN, FACE_TOKEN, VALUE) VALUES (1, '29a7260bed743eb86a31c81b060f3a82', '629a83610eb1c4caa6e87d9a766c4b0b', 'de6983c689e9f9f786c0d228ce18549c', 93);
INSERT INTO COMPARES (ID, USER_FACE_TOKEN, FACESET_TOKEN, FACE_TOKEN, VALUE) VALUES (1, '29a7260bed743eb86a31c81b060f3a82', '84e96da869a13590c3873a4e77ede183', 'cedecab5ff22b090624aeace1eb73121', 33);

INSERT INTO LIKES (ID, USER_ID, OTHER_USER_ID, CREATE_AT) VALUES (1, 100, 101, '2017-07-17');
INSERT INTO LIKES (ID, USER_ID, OTHER_USER_ID, CREATE_AT) VALUES (2, 100, 102, '2017-07-17');
INSERT INTO LIKES (ID, USER_ID, OTHER_USER_ID, CREATE_AT) VALUES (3, 100, 103, '2017-07-17');

INSERT INTO CHAT (ID, USER_ID, SENDER_ID) VALUES (1, 100, 101);
INSERT INTO CHAT (ID, USER_ID, SENDER_ID) VALUES (2, 100, 102);
INSERT INTO CHAT (ID, USER_ID, SENDER_ID) VALUES (3, 100, 103);


INSERT INTO MESSAGES (ID, CHAT_ID, MESSAGE, IS_ANSWER,CREATE_AT) VALUES (1, 1, 'Hi Max"', true, parsedatetime('17-09-2012 18:47:52.69', 'dd-MM-yyyy hh:mm:ss.SS'));
INSERT INTO MESSAGES (ID, CHAT_ID, MESSAGE, IS_ANSWER,CREATE_AT) VALUES (2, 1, 'Oh, hi', false, parsedatetime('18-09-2012 18:47:52.69', 'dd-MM-yyyy hh:mm:ss.SS'));
INSERT INTO MESSAGES (ID, CHAT_ID, MESSAGE, IS_ANSWER,CREATE_AT) VALUES (3, 1, 'How are you doing?', true, parsedatetime('19-09-2012 18:47:52.69', 'dd-MM-yyyy hh:mm:ss.SS'));
INSERT INTO MESSAGES (ID, CHAT_ID, MESSAGE, IS_ANSWER,CREATE_AT) VALUES (4, 1, 'I''m doing alright. How about you?', false, parsedatetime('20-09-2012 18:47:52.69', 'dd-MM-yyyy hh:mm:ss.SS'));
INSERT INTO MESSAGES (ID, CHAT_ID, MESSAGE, IS_ANSWER,CREATE_AT) VALUES (5, 1, 'Not too bad. The weather is great isn''t it?', true, parsedatetime('21-09-2012 18:47:52.69', 'dd-MM-yyyy hh:mm:ss.SS'));
INSERT INTO MESSAGES (ID, CHAT_ID, MESSAGE, IS_ANSWER,CREATE_AT) VALUES (6, 1, 'Yes. It is absolutely beautiful today.', false, parsedatetime('22-09-2012 18:47:52.69', 'dd-MM-yyyy hh:mm:ss.SS'));
INSERT INTO MESSAGES (ID, CHAT_ID, MESSAGE, IS_ANSWER,CREATE_AT) VALUES (7, 1, 'I wish it was like this more frequently.', true, parsedatetime('23-09-2012 18:47:52.69', 'dd-MM-yyyy hh:mm:ss.SS'));
INSERT INTO MESSAGES (ID, CHAT_ID, MESSAGE, IS_ANSWER,CREATE_AT) VALUES (8, 1, 'Mee too', false, parsedatetime('24-09-2012 18:47:52.69', 'dd-MM-yyyy hh:mm:ss.SS'));
INSERT INTO MESSAGES (ID, CHAT_ID, MESSAGE, IS_ANSWER,CREATE_AT) VALUES (9, 1, 'So where are you going now?', true, parsedatetime('25-09-2012 18:47:52.69', 'dd-MM-yyyy hh:mm:ss.SS'));
INSERT INTO MESSAGES (ID, CHAT_ID, MESSAGE, IS_ANSWER,CREATE_AT) VALUES (10, 1, 'I am going to meet a friend of mine at the department store.', false, parsedatetime('26-09-2012 18:47:52.69', 'dd-MM-yyyy hh:mm:ss.SS'));
INSERT INTO MESSAGES (ID, CHAT_ID, MESSAGE, IS_ANSWER,CREATE_AT) VALUES (11, 1, 'Going to do a little shopping?', true, parsedatetime('27-09-2012 18:47:52.69', 'dd-MM-yyyy hh:mm:ss.SS'));
INSERT INTO MESSAGES (ID, CHAT_ID, MESSAGE, IS_ANSWER,CREATE_AT) VALUES (12, 1, 'Yeah, I have to buy some presents for my parents.', false, parsedatetime('28-09-2012 18:47:52.69', 'dd-MM-yyyy hh:mm:ss.SS'));


INSERT INTO MESSAGES (ID, CHAT_ID, MESSAGE, IS_ANSWER,CREATE_AT) VALUES (13, 2, 'Hi Max"', true, parsedatetime('17-09-2012 18:47:52.69', 'dd-MM-yyyy hh:mm:ss.SS'));
INSERT INTO MESSAGES (ID, CHAT_ID, MESSAGE, IS_ANSWER,CREATE_AT) VALUES (14, 2, 'So where are you going now?', true, parsedatetime('25-09-2012 18:47:52.69', 'dd-MM-yyyy hh:mm:ss.SS'));
INSERT INTO MESSAGES (ID, CHAT_ID, MESSAGE, IS_ANSWER,CREATE_AT) VALUES (15, 2, 'I am going to meet a friend of mine at the department store.', false, parsedatetime('26-09-2012 18:47:52.69', 'dd-MM-yyyy hh:mm:ss.SS'));
INSERT INTO MESSAGES (ID, CHAT_ID, MESSAGE, IS_ANSWER,CREATE_AT) VALUES (16, 2, 'Going to do a little shopping?', true, parsedatetime('27-09-2012 18:47:52.69', 'dd-MM-yyyy hh:mm:ss.SS'));
INSERT INTO MESSAGES (ID, CHAT_ID, MESSAGE, IS_ANSWER,CREATE_AT) VALUES (17, 2, 'Yeah, I have to buy some presents for my parents.', false, parsedatetime('28-09-2012 18:47:52.69', 'dd-MM-yyyy hh:mm:ss.SS'));


INSERT INTO MESSAGES (ID, CHAT_ID, MESSAGE, IS_ANSWER,CREATE_AT) VALUES (18, 3, 'Hi. My name is Josh. It is a pleasure to meet you.', false, parsedatetime('17-09-2012 18:47:52.69', 'dd-MM-yyyy hh:mm:ss.SS'));


